,World Rank,Institution,Location,National Rank
0,1,harvard university,usa,1
1,2,stanford university,usa,2
2,3,massachusetts institute of technology,usa,3
3,4,university of cambridge,united kingdom,1
4,5,university of oxford,united kingdom,2
5,6,"university of california, berkeley",usa,4
6,7,princeton university,usa,5
7,8,columbia university,usa,6
8,9,california institute of technology,usa,7
9,10,university of chicago,usa,8
10,11,yale university,usa,9
11,12,university of tokyo,japan,1
12,13,university of pennsylvania,usa,10
13,14,cornell university,usa,11
14,15,"university of california, los angeles",usa,12
15,16,johns hopkins university,usa,13
16,17,university of toronto,canada,1
17,18,"university of michigan, ann arbor",usa,14
18,19,university of washington - seattle,usa,15
19,20,"university of california, san diego",usa,16
20,21,university college london,united kingdom,3
21,22,"university of california, san francisco",usa,17
22,23,northwestern university,usa,18
23,24,duke university,usa,19
24,25,new york university,usa,20
25,26,kyoto university,japan,2
26,27,university of wisconsin–madison,usa,21
27,28,eth zurich,switzerland,1
28,29,sorbonne university,france,1
29,30,imperial college london,united kingdom,4
30,31,university of texas at austin,usa,22
31,32,university of illinois at urbana–champaign,usa,23
32,33,university of north carolina at chapel hill,usa,24
33,34,university of edinburgh,united kingdom,5
34,35,university of minnesota twin cities,usa,25
35,36,washington university in st. louis,usa,26
36,37,mcgill university,canada,2
37,38,university of british columbia,canada,3
38,39,university of copenhagen,denmark,1
39,40,ohio state university,usa,27
40,41,rutgers university-new brunswick,usa,28
41,42,"university of california, davis",usa,29
42,43,pennsylvania state university,usa,30
43,44,university of manchester,united kingdom,6
44,45,weizmann institute of science,israel,1
45,46,heidelberg university,germany,1
46,47,"university of maryland, college park",usa,31
47,48,ludwig maximilian university of munich,germany,2
48,49,karolinska institute,sweden,1
49,50,university of colorado boulder,usa,32
50,51,university of southern california,usa,33
51,52,university of arizona,usa,34
52,53,osaka university,japan,3
53,54,university of paris-sud,france,2
54,55,university of geneva,switzerland,2
55,56,boston university,usa,35
56,57,university of melbourne,australia,1
57,58,brown university,usa,36
58,59,"university of california, irvine",usa,37
59,60,seoul national university,south korea,1
60,61,hebrew university of jerusalem,israel,2
61,62,university of florida,usa,38
62,63,"purdue university, west lafayette",usa,39
63,64,vanderbilt university,usa,40
64,65,university of bristol,united kingdom,7
65,66,university of texas southwestern medical center,usa,41
66,67,sapienza university of rome,italy,1
67,68,king's college london,united kingdom,8
68,69,university of zurich,switzerland,3
69,70,"university of california, santa barbara",usa,42
70,71,university of sydney,australia,2
71,72,utrecht university,netherlands,1
72,73,university of pittsburgh,usa,43
73,74,university of queensland,australia,3
74,75,university of oslo,norway,1
75,76,rockefeller university,usa,44
76,77,university of são paulo,brazil,1
77,78,"texas a&m university, college station",usa,45
78,79,university of virginia,usa,46
79,80,emory university,usa,47
80,81,free university of berlin,germany,3
81,82,australian national university,australia,4
82,83,university of utah,usa,48
83,84,paris diderot university,france,3
84,85,tel aviv university,israel,3
85,86,uppsala university,sweden,2
86,87,university of barcelona,spain,1
87,88,aarhus university,denmark,2
88,89,university of texas md anderson cancer center,usa,49
89,90,leiden university,netherlands,2
90,91,carnegie mellon university,usa,50
91,92,peking university,china,1
92,93,university of helsinki,finland,1
93,94,baylor college of medicine,usa,51
94,95,lund university,sweden,3
95,96,university of alberta,canada,4
96,97,grenoble alpes university,france,4
97,98,tsinghua university,china,2
98,99,university of basel,switzerland,4
99,100,university of groningen,netherlands,3
100,101,humboldt university of berlin,germany,4
101,102,école polytechnique fédérale de lausanne,switzerland,5
102,103,national university of singapore,singapore,1
103,104,ghent university,belgium,1
104,105,university of rochester,usa,52
105,106,erasmus university rotterdam,netherlands,4
106,107,ku leuven,belgium,2
107,108,university of bern,switzerland,6
108,109,national taiwan university,taiwan,1
109,110,university of montreal,canada,5
110,111,"university of california, santa cruz",usa,53
111,112,technical university of munich,germany,5
112,113,nagoya university,japan,4
113,114,arizona state university,usa,54
114,115,university of bonn,germany,6
115,116,école polytechnique,france,5
116,117,école normale supérieure,france,6
117,118,university of nottingham,united kingdom,9
118,119,university of new south wales,australia,5
119,120,tohoku university,japan,5
120,121,mcmaster university,canada,6
121,122,dartmouth college,usa,55
122,123,university of amsterdam,netherlands,5
123,124,monash university,australia,6
124,125,university of hamburg,germany,7
125,126,moscow state university,russia,1
126,127,vu university amsterdam,netherlands,6
127,128,stony brook university,usa,56
128,129,rice university,usa,57
129,130,radboud university nijmegen,netherlands,7
130,131,cardiff university,united kingdom,10
131,132,university of tübingen,germany,8
132,133,university of colorado denver | anschutz medical campus,usa,58
133,134,university of iowa,usa,59
134,135,university of strasbourg,france,7
135,136,shanghai jiao tong university,china,3
136,137,university of southampton,united kingdom,11
137,138,aix-marseille university,france,8
138,139,georgia institute of technology,usa,60
139,140,tokyo institute of technology,japan,6
140,141,university of montpellier,france,9
141,142,case western reserve university,usa,61
142,143,indiana university bloomington,usa,62
143,144,michigan state university,usa,63
144,145,university of western australia,australia,7
145,146,university of lausanne,switzerland,7
146,147,technion – israel institute of technology,israel,4
147,148,university of milan,italy,2
148,149,goethe university frankfurt,germany,9
149,150,university of padua,italy,3
150,151,oregon health & science university,usa,64
151,152,autonomous university of barcelona,spain,2
152,153,icahn school of medicine at mount sinai,usa,65
153,154,tufts university,usa,66
154,155,university of göttingen,germany,10
155,156,royal institute of technology,sweden,4
156,157,zhejiang university,china,4
157,158,university of glasgow,united kingdom,12
158,159,stockholm university,sweden,5
159,160,university of notre dame,usa,67
160,161,université catholique de louvain,belgium,3
161,162,university of sheffield,united kingdom,13
162,163,university of warwick,united kingdom,14
163,164,university of leeds,united kingdom,15
164,165,university of freiburg,germany,11
165,166,university of gothenburg,sweden,6
166,167,north carolina state university,usa,68
167,168,wageningen university and research,netherlands,8
168,169,university of birmingham,united kingdom,16
169,170,fudan university,china,5
170,171,university of hong kong,hong kong,1
171,172,university of vienna,austria,1
172,173,nanyang technological university,singapore,2
173,174,hokkaido university,japan,7
174,175,keio university,japan,8
175,176,université libre de bruxelles,belgium,4
176,177,iowa state university,usa,69
177,178,chinese university of hong kong,hong kong,2
178,179,university of liverpool,united kingdom,17
179,180,university of georgia,usa,70
180,181,paris descartes university,france,10
181,182,university of massachusetts medical school,usa,71
182,183,"university of science and technology, korea",south korea,2
183,184,university of massachusetts amherst,usa,72
184,185,university of florence,italy,4
185,186,university of münster,germany,12
186,187,queen mary university of london,united kingdom,18
187,188,newcastle university,united kingdom,19
188,189,university of chinese academy of sciences,china,6
189,190,university of missouri–columbia,usa,73
190,191,university of alabama at birmingham,usa,74
191,192,durham university,united kingdom,20
192,193,university of connecticut,usa,75
193,194,university of texas health science center at houston,usa,76
194,195,yeshiva university,usa,77
195,196,university of calgary,canada,7
196,197,university of miami,usa,78
197,198,western university,canada,8
198,199,paul sabatier university - toulouse iii,france,11
199,200,nanjing university,china,7
200,201,university of bologna,italy,5
201,202,sun yat-sen university,china,8
202,203,charles university in prague,czech republic,1
203,204,university of cincinnati,usa,79
204,205,university of ottawa,canada,9
205,206,university of liège,belgium,5
206,207,tu dresden,germany,13
207,208,university of turin,italy,6
208,209,university of science and technology of china,china,9
209,210,"university of maryland, baltimore",usa,80
210,211,university of sussex,united kingdom,21
211,212,rwth aachen university,germany,14
212,213,university of cologne,germany,15
213,214,university of würzburg,germany,16
214,215,technical university of denmark,denmark,3
215,216,university of erlangen-nuremberg,germany,17
216,217,university of illinois at chicago,usa,81
217,218,sungkyunkwan university,south korea,3
218,219,louisiana state university,usa,82
219,220,university of lisbon,portugal,1
220,221,claude bernard university lyon 1,france,12
221,222,yonsei university,south korea,4
222,223,university of cape town,south africa,1
223,224,university of kansas,usa,83
224,225,university college dublin,ireland,1
225,226,kyushu university,japan,9
226,227,university of porto,portugal,2
227,228,"trinity college, dublin",ireland,2
228,229,university of adelaide,australia,8
229,230,university of the witwatersrand,south africa,2
230,231,university of manitoba,canada,10
231,232,karlsruhe institute of technology,germany,18
232,233,university of kiel,germany,19
233,234,johannes gutenberg university mainz,germany,20
234,235,indiana university – purdue university indianapolis,usa,84
235,236,university of auckland,new zealand,1
236,237,korea university,south korea,5
237,238,university of tsukuba,japan,10
238,239,wake forest university,usa,85
239,240,ulm university,germany,21
240,241,queensland university of technology,australia,9
241,242,university of lille,france,13
242,243,university of aberdeen,united kingdom,22
243,244,colorado state university,usa,86
244,245,"university of california, riverside",usa,87
245,246,virginia commonwealth university,usa,88
246,247,university of naples federico ii,italy,7
247,248,florida state university,usa,89
248,249,maastricht university,netherlands,9
249,250,brandeis university,usa,90
250,251,oregon state university,usa,91
251,252,university of bergen,norway,2
252,253,wayne state university,usa,92
253,254,"university of tennessee, knoxville",usa,93
254,255,umeå university,sweden,7
255,256,london school of hygiene & tropical medicine,united kingdom,23
256,257,university of new mexico,usa,94
257,258,national autonomous university of mexico,mexico,1
258,259,university of kentucky,usa,95
259,260,university of warsaw,poland,1
260,261,queen's university,canada,11
261,262,university of south florida,usa,96
262,263,norwegian university of science and technology,norway,3
263,264,complutense university of madrid,spain,3
264,265,xi'an jiaotong university,china,10
265,266,university of leicester,united kingdom,24
266,267,medical university of vienna,austria,2
267,268,university of waterloo,canada,12
268,269,laval university,canada,13
269,270,shandong university,china,11
270,271,university of valencia,spain,4
271,272,university of east anglia,united kingdom,25
272,273,university at buffalo,usa,97
273,274,london school of economics,united kingdom,26
274,275,virginia tech,usa,98
275,276,huazhong university of science and technology,china,12
276,277,washington state university,usa,99
277,278,dalhousie university,canada,14
278,279,university of york,united kingdom,27
279,280,autonomous university of madrid,spain,5
280,281,university of exeter,united kingdom,28
281,282,university of south carolina - columbia,usa,100
282,283,university of rome tor vergata,italy,8
283,284,delft university of technology,netherlands,10
284,285,university of pisa,italy,9
285,286,kobe university,japan,11
286,287,leipzig university,germany,22
287,288,university of delaware,usa,101
288,289,georgetown university,usa,102
289,290,university of duisburg-essen,germany,23
290,291,ruhr university bochum,germany,24
291,292,university of antwerp,belgium,6
292,293,university of buenos aires,argentina,1
293,294,university of düsseldorf,germany,25
294,295,kaist,south korea,6
295,296,sichuan university,china,13
296,297,national cheng kung university,taiwan,2
297,298,federal university of rio de janeiro,brazil,2
298,299,university of houston,usa,103
299,300,harbin institute of technology,china,14
300,301,university of innsbruck,austria,3
301,302,chinese academy of medical sciences & peking union medical college,china,15
302,303,waseda university,japan,12
303,304,university of texas at dallas,usa,104
304,305,national and kapodistrian university of athens,greece,1
305,306,university of hawaii at manoa,usa,105
306,307,university of lorraine,france,14
307,308,george washington university,usa,106
308,309,university of otago,new zealand,2
309,310,versailles saint-quentin-en-yvelines university,france,15
310,311,simon fraser university,canada,15
311,312,tongji university,china,16
312,313,university of nebraska–lincoln,usa,107
313,314,university of perugia,italy,10
314,315,queen's university belfast,united kingdom,29
315,316,university of texas health science center at san antonio,usa,108
316,317,university of jena,germany,26
317,318,university of granada,spain,6
318,319,south china university of technology,china,17
319,320,university of dundee,united kingdom,30
320,321,vrije universiteit brussel,belgium,7
321,322,george mason university,usa,109
322,323,king abdulaziz university,saudi arabia,1
323,324,macquarie university,australia,10
324,325,pontifical catholic university of chile,chile,1
325,326,university of guelph,canada,16
326,327,university of regensburg,germany,27
327,328,central south university,china,18
328,329,grenoble institute of technology,france,16
329,330,thomas jefferson university,usa,110
330,331,mines paristech,france,17
331,332,university of st andrews,united kingdom,31
332,333,medical university of south carolina,usa,111
333,334,jilin university,china,19
334,335,wuhan university,china,20
335,336,hanyang university,south korea,7
336,337,nankai university,china,21
337,338,university of southern denmark,denmark,4
338,339,university of turku,finland,2
339,340,hong kong university of science and technology,hong kong,3
340,341,temple university,usa,112
341,342,hong kong polytechnic university,hong kong,4
342,343,university of belgrade,serbia,1
343,344,northeastern university,usa,113
344,345,university of stuttgart,germany,28
345,346,dalian university of technology,china,22
346,347,tianjin university,china,23
347,348,pohang university of science and technology,south korea,8
348,349,university of genoa,italy,11
349,350,hannover medical school,germany,29
350,351,griffith university,australia,11
351,352,"university at albany, suny",usa,114
352,353,university of giessen,germany,30
353,354,drexel university,usa,115
354,355,aalto university,finland,3
355,356,pompeu fabra university,spain,7
356,357,linköping university,sweden,8
357,358,city university of hong kong,hong kong,5
358,359,university of the basque country,spain,8
359,360,university of campinas,brazil,3
360,361,"soochow university, china",china,24
361,362,kansas state university,usa,116
362,363,university of victoria,canada,17
363,364,polytechnic university of milan,italy,12
364,365,university of oulu,finland,4
365,366,university of pavia,italy,13
366,367,southeast university,china,25
367,368,swedish university of agricultural sciences,sweden,9
368,369,xiamen university,china,26
369,370,university of ljubljana,slovenia,1
370,371,islamic azad university,iran,1
371,372,"unesp, são paulo state university",brazil,4
372,373,university of new hampshire,usa,117
373,374,medical college of wisconsin,usa,118
374,375,aristotle university of thessaloniki,greece,2
375,376,university of vermont,usa,119
376,377,hiroshima university,japan,13
377,378,national tsing hua university,taiwan,3
378,379,eindhoven university of technology,netherlands,11
379,380,university of marburg,germany,31
380,381,jagiellonian university,poland,2
381,382,pusan national university,south korea,9
382,383,beijing normal university,china,27
383,384,university of chile,chile,2
384,385,kyung hee university,south korea,10
385,386,lancaster university,united kingdom,32
386,387,deakin university,australia,12
387,388,york university,canada,18
388,389,okayama university,japan,14
389,390,james cook university,australia,13
390,391,university of bath,united kingdom,33
391,392,university of trieste,italy,14
392,393,"university of oklahoma, norman",usa,120
393,394,ben-gurion university of the negev,israel,5
394,395,university of twente,netherlands,12
395,396,china agricultural university,china,28
396,397,university of wollongong,australia,14
397,398,federal university of rio grande do sul,brazil,5
398,399,university of tasmania,australia,15
399,400,curtin university,australia,16
400,401,tu wien,austria,4
401,402,university of kwazulu-natal,south africa,3
402,403,university of coimbra,portugal,3
403,404,university of milano-bicocca,italy,15
404,405,university of louisville,usa,121
405,406,federal university of minas gerais,brazil,6
406,407,university of reading,united kingdom,34
407,408,kyungpook national university,south korea,11
408,409,university of rennes 1,france,18
409,410,technical university of berlin,germany,32
410,411,university of saskatchewan,canada,19
411,412,martin luther university of halle-wittenberg,germany,33
412,413,eötvös loránd university,hungary,1
413,414,university of seville,spain,9
414,415,polytechnic university of catalonia,spain,10
415,416,catholic university of the sacred heart,italy,16
416,417,university of konstanz,germany,34
417,418,university of eastern finland,finland,5
418,419,école normale supérieure de lyon,france,19
419,420,indian institute of science,india,1
420,421,king saud university,saudi arabia,2
421,422,scuola normale superiore,italy,17
422,423,university of bremen,germany,35
423,424,university of strathclyde,united kingdom,35
424,425,university of newcastle,australia,17
425,426,university of santiago de compostela,spain,11
426,427,national chiao tung university,taiwan,4
427,428,university of oregon,usa,122
428,429,tulane university,usa,123
429,430,rensselaer polytechnic institute,usa,124
430,431,university of bari,italy,18
431,432,chonnam national university,south korea,12
432,433,capital medical university,china,29
433,434,king abdullah university of science and technology,saudi arabia,3
434,435,rush university,usa,125
435,436,insead,france,20
436,437,texas tech university,usa,126
437,438,university of pretoria,south africa,4
438,439,new university of lisbon,portugal,4
439,440,university of oviedo,spain,12
440,441,saint louis university,usa,127
441,442,federal university of são paulo,brazil,7
442,443,vita-salute san raffaele university,italy,19
443,444,university of ulsan,south korea,13
444,445,university of siena,italy,20
445,446,university of la laguna,spain,13
446,447,university of nice sophia antipolis,france,21
447,448,stellenbosch university,south africa,5
448,449,university of zaragoza,spain,14
449,450,university of canterbury,new zealand,3
450,451,university of malaya,malaysia,1
451,452,cairo university,egypt,1
452,453,aalborg university,denmark,5
453,454,university of bordeaux,france,22
454,455,university of central florida,usa,128
455,456,university of ferrara,italy,21
456,457,tu darmstadt,germany,36
457,458,university of savoy,france,23
458,459,university of mississippi,usa,129
459,460,lanzhou university,china,30
460,461,university of tehran,iran,2
461,462,university of modena and reggio emilia,italy,22
462,463,university of zagreb,croatia,1
463,464,chalmers university of technology,sweden,10
464,465,china university of geosciences,china,31
465,466,medical university of innsbruck,austria,5
466,467,national yang-ming university,taiwan,5
467,468,university of sherbrooke,canada,20
468,469,university of texas medical branch,usa,130
469,470,university of verona,italy,23
470,471,mahidol university,thailand,1
471,472,polytechnic university of valencia,spain,15
472,473,university college cork,ireland,3
473,474,university of hanover,germany,37
474,475,university of parma,italy,24
475,476,university of iceland,iceland,1
476,477,university of bayreuth,germany,38
477,478,west virginia university,usa,131
478,479,university of trento,italy,25
479,480,georgia state university,usa,132
480,481,southern methodist university,usa,133
481,482,chiba university,japan,15
482,483,university of nebraska medical center,usa,134
483,484,university of electronic science and technology of china,china,32
484,485,beihang university,china,33
485,486,san diego state university,usa,135
486,487,agroparistech,france,24
487,488,chulalongkorn university,thailand,2
488,489,university of tromsø – the arctic university of norway,norway,4
489,490,university of tartu,estonia,1
490,491,university of alabama - tuscaloosa,usa,136
491,492,bar-ilan university,israel,6
492,493,flinders university,australia,18
493,494,saarland university,germany,39
494,495,clemson university,usa,137
495,496,hunan university,china,34
496,497,east china university of science and technology,china,35
497,498,"open university, uk",united kingdom,36
498,499,university of wyoming,usa,138
499,500,lehigh university,usa,139
500,501,national central university,taiwan,6
501,502,tilburg university,netherlands,13
502,503,university of science and technology beijing,china,36
503,504,university of surrey,united kingdom,37
504,505,tokyo medical and dental university,japan,16
505,506,paris dauphine university,france,25
506,507,university of potsdam,germany,40
507,508,brigham young university,usa,140
508,509,university of palermo,italy,26
509,510,chang gung university,taiwan,7
510,511,university of catania,italy,27
511,512,boston college,usa,141
512,513,university of nantes,france,26
513,514,university of tampere,finland,6
514,515,beijing institute of technology,china,37
515,516,university of poitiers,france,27
516,517,utah state university,usa,142
517,518,nui galway,ireland,4
518,519,tata institute of fundamental research,india,2
519,520,university of burgundy,france,28
520,521,national chung hsing university,taiwan,8
521,522,university of minho,portugal,5
522,523,university of hull,united kingdom,38
523,524,"st george's, university of london",united kingdom,39
524,525,hacettepe university,turkey,1
525,526,loyola university chicago,usa,143
526,527,oklahoma state university,usa,144
527,528,colorado school of mines,usa,145
528,529,swansea university,united kingdom,40
529,530,national polytechnic institute of toulouse,france,29
530,531,massey university,new zealand,4
531,532,florida international university,usa,146
532,533,east china normal university,china,38
533,534,la trobe university,australia,19
534,535,chongqing university,china,39
535,536,shanghai university,china,40
536,537,university of plymouth,united kingdom,41
537,538,ewha womans university,south korea,14
538,539,technical university of dortmund,germany,41
539,540,"royal holloway, university of london",united kingdom,42
540,541,saint petersburg state university,russia,2
541,542,bielefeld university,germany,42
542,543,northwestern polytechnical university,china,41
543,544,konkuk university,south korea,15
544,545,national university of la plata,argentina,2
545,546,auburn university,usa,147
546,547,tehran university of medical sciences,iran,3
547,548,"china medical university, taiwan",taiwan,9
548,549,nanjing agricultural university,china,42
549,550,"university of maine, orono",usa,148
550,551,university of aveiro,portugal,6
551,552,catholic university of korea,south korea,16
552,553,university of salamanca,spain,16
553,554,second military medical university,china,43
554,555,syracuse university,usa,149
555,556,moscow institute of physics and technology,russia,3
556,557,carleton university,canada,21
557,558,university of texas at arlington,usa,150
558,559,national polytechnic institute,mexico,2
559,560,istanbul university,turkey,2
560,561,kanazawa university,japan,17
561,562,university of technology sydney,australia,20
562,563,university of alaska fairbanks,usa,151
563,564,western sydney university,australia,21
564,565,"birkbeck, university of london",united kingdom,43
565,566,"university of science, malaysia",malaysia,2
566,567,university of arkansas - fayetteville,usa,152
567,568,baylor university,usa,153
568,569,university of oklahoma health sciences center,usa,154
569,570,university of south australia,australia,22
570,571,masaryk university,czech republic,2
571,572,university of wisconsin–milwaukee,usa,155
572,573,polytechnic university of madrid,spain,17
573,574,university of rostock,germany,43
574,575,victoria university of wellington,new zealand,5
575,576,warsaw university of technology,poland,3
576,577,nanjing medical university,china,44
577,578,montana state university - bozeman,usa,156
578,579,memorial university of newfoundland,canada,22
579,580,chonbuk national university,south korea,17
580,581,tokyo metropolitan university,japan,18
581,582,college of william & mary,usa,157
582,583,braunschweig university of technology,germany,44
583,584,university of québec at montreal,canada,23
584,585,cinvestav,mexico,3
585,586,centralesupélec,france,30
586,587,nanjing university of science and technology,china,45
587,588,huazhong agricultural university,china,46
588,589,hec paris,france,31
589,590,zhengzhou university,china,47
590,591,suny downstate medical center,usa,158
591,592,sharif university of technology,iran,4
592,593,national sun yat-sen university,taiwan,10
593,594,university of clermont auvergne,france,32
594,595,novosibirsk state university,russia,4
595,596,middle east technical university,turkey,3
596,597,yokohama city university,japan,19
597,598,beijing university of chemical technology,china,48
598,599,"university of nevada, reno",usa,159
599,600,otto von guericke university magdeburg,germany,45
600,601,kitasato university,japan,20
601,602,university of montana - missoula,usa,160
602,603,university of jyväskylä,finland,7
603,604,university of arkansas for medical sciences,usa,161
604,605,university of crete,greece,3
605,606,university of lübeck,germany,46
606,607,chungnam national university,south korea,18
607,608,chung-ang university,south korea,19
608,609,inha university,south korea,20
609,610,palacký university olomouc,czech republic,3
610,611,university of salerno,italy,28
611,612,loughborough university,united kingdom,44
612,613,medical university of graz,austria,6
613,614,polytechnic university of turin,italy,29
614,615,indian institute of technology bombay,india,3
615,616,ege university,turkey,4
616,617,shinshu university,japan,21
617,618,niigata university,japan,22
618,619,university of kent,united kingdom,45
619,620,university of haifa,israel,7
620,621,university of cantabria,spain,18
621,622,university of cagliari,italy,30
622,623,university of tennessee health science center,usa,162
623,624,kangwon national university,south korea,21
624,625,ankara university,turkey,5
625,626,southern medical university,china,49
626,627,national technical university of athens,greece,4
627,628,kumamoto university,japan,23
628,629,nagasaki university,japan,24
629,630,university of udine,italy,31
630,631,university of greifswald,germany,47
631,632,fourth military medical university,china,50
632,633,agh university of science and technology,poland,4
633,634,rmit university,australia,23
634,635,china university of petroleum,china,51
635,636,nanjing university of aeronautics and astronautics,china,52
636,637,école nationale d'administration,france,33
637,638,mississippi state university,usa,163
638,639,"university of maryland, baltimore county",usa,164
639,640,university of murcia,spain,19
640,641,augusta university,usa,165
641,642,isfahan university of technology,iran,5
642,643,swinburne university of technology,australia,24
643,644,stockholm school of economics,sweden,11
644,645,northwest a&f university,china,53
645,646,wuhan university of technology,china,54
646,647,university of graz,austria,7
647,648,istanbul technical university,turkey,6
648,649,university of texas at san antonio,usa,166
649,650,international school for advanced studies,italy,32
650,651,indian institute of technology madras,india,4
651,652,espci paris,france,34
652,653,university of navarra,spain,20
653,654,taipei medical university,taiwan,11
654,655,kaohsiung medical university,taiwan,12
655,656,école normale supérieure paris-saclay,france,35
656,657,southwest university,china,55
657,658,semmelweis university,hungary,2
658,659,rio de janeiro state university,brazil,8
659,660,gwangju institute of science and technology,south korea,22
660,661,university of calabria,italy,33
661,662,"university of córdoba, spain",spain,21
662,663,university of campania luigi vanvitelli,italy,34
663,664,rovira i virgili university,spain,22
664,665,university of idaho,usa,167
665,666,university of louisiana at lafayette,usa,168
666,667,czech technical university in prague,czech republic,4
667,668,university of franche-comté,france,36
668,669,rutgers university–newark,usa,169
669,670,university of patras,greece,5
670,671,indian institute of technology delhi,india,5
671,672,fuzhou university,china,56
672,673,comenius university in bratislava,slovak republic,1
673,674,brunel university london,united kingdom,46
674,675,osaka city university,japan,25
675,676,indian institute of technology kharagpur,india,6
676,677,university of akron,usa,170
677,678,kindai university,japan,26
678,679,gazi university,turkey,7
679,680,jiangnan university,china,57
680,681,university of rhode island,usa,171
681,682,"university of north texas, denton",usa,172
682,683,university of málaga,spain,23
683,684,insa lyon,france,37
684,685,shenzhen university,china,58
685,686,university of eastern piedmont,italy,35
686,687,kent state university,usa,173
687,688,army medical university,china,59
688,689,amirkabir university of technology,iran,6
689,690,gyeongsang national university,south korea,23
690,691,jinan university,china,60
691,692,"northwest university, china",china,61
692,693,central china normal university,china,62
693,694,federal university of santa catarina,brazil,9
694,695,liverpool john moores university,united kingdom,47
695,696,university of debrecen,hungary,3
696,697,ocean university of china,china,63
697,698,nihon university,japan,27
698,699,roma tre university,italy,36
699,700,ajou university,south korea,24
700,701,juntendo university,japan,28
701,702,tianjin medical university,china,64
702,703,university of brescia,italy,37
703,704,university of castilla-la mancha,spain,24
704,705,donghua university,china,65
705,706,city college of new york,usa,174
706,707,"northeastern university, china",china,66
707,708,university of girona,spain,25
708,709,federal university of paraná,brazil,10
709,710,university of portsmouth,united kingdom,48
710,711,university of fribourg,switzerland,8
711,712,university of ioannina,greece,6
712,713,norwegian university of life sciences,norway,5
713,714,keele university,united kingdom,49
714,715,ain shams university,egypt,2
715,716,"paul valéry university, montpellier iii",france,38
716,717,carl von ossietzky university of oldenburg,germany,48
717,718,graz university of technology,austria,8
718,719,concordia university,canada,24
719,720,graduate university for advanced studies,japan,29
720,721,nanjing tech university,china,67
721,722,xidian university,china,68
722,723,tokyo university of science,japan,30
723,724,jiangsu university,china,69
724,725,"university of the republic, uruguay",uruguay,1
725,726,university of delhi,india,7
726,727,northern illinois university,usa,175
727,728,university of angers,france,39
728,729,university of missouri–kansas city,usa,176
729,730,örebro university,sweden,12
730,731,university of vigo,spain,26
731,732,"all india institute of medical sciences, delhi",india,8
732,733,national research nuclear university mephi,russia,5
733,734,university of salento,italy,38
734,735,south china normal university,china,70
735,736,école pratique des hautes études,france,40
736,737,university of brasília,brazil,11
737,738,bangor university,united kingdom,50
738,739,federal university of viçosa,brazil,12
739,740,boğaziçi university,turkey,8
740,741,adam mickiewicz university in poznań,poland,5
741,742,"putra university, malaysia",malaysia,3
742,743,southern illinois university carbondale,usa,177
743,744,hong kong baptist university,hong kong,6
744,745,nanjing normal university,china,71
745,746,"university of nevada, las vegas",usa,178
746,747,ehime university,japan,31
747,748,vilnius university,lithuania,1
748,749,university of messina,italy,39
749,750,illinois institute of technology,usa,179
750,751,miami university,usa,180
751,752,university paris-est créteil,france,41
752,753,"university of natural resources and life sciences, vienna",austria,9
753,754,national university of defense technology,china,72
754,755,jean monnet university,france,42
755,756,tarbiat modares university,iran,7
756,757,old dominion university,usa,181
757,758,university of szeged,hungary,4
758,759,university of texas rio grande valley,usa,182
759,760,iran university of science and technology,iran,8
760,761,jadavpur university,india,9
761,762,national university of córdoba,argentina,3
762,763,harbin medical university,china,73
763,764,heriot-watt university,united kingdom,51
764,765,university of toledo,usa,183
765,766,national university of colombia,colombia,1
766,767,university of alicante,spain,27
767,768,university of essex,united kingdom,52
768,769,university of l'aquila,italy,40
769,770,new mexico state university,usa,184
770,771,makerere university,uganda,1
771,772,university of split,croatia,2
772,773,university of north carolina at charlotte,usa,185
773,774,banaras hindu university,india,10
774,775,ulsan national institute of science and technology,south korea,25
775,776,university of wrocław,poland,6
776,777,university of stirling,united kingdom,53
777,778,nanchang university,china,74
778,779,university of hohenheim,germany,49
779,780,école des ponts paristech,france,43
780,781,jawaharlal nehru centre for advanced scientific research,india,11
781,782,university of kaiserslautern,germany,50
782,783,american university of beirut,lebanon,1
783,784,king fahd university of petroleum and minerals,saudi arabia,4
784,785,"china medical university, prc",china,75
785,786,paris 13 university,france,44
786,787,tampere university of technology,finland,8
787,788,tokyo university of agriculture and technology,japan,32
788,789,bilkent university,turkey,9
789,790,university of johannesburg,south africa,6
790,791,university of concepción,chile,3
791,792,china university of mining and technology,china,76
792,793,chiang mai university,thailand,3
793,794,yeungnam university,south korea,26
794,795,marche polytechnic university,italy,41
795,796,national taiwan university of science and technology,taiwan,13
796,797,tokushima university,japan,33
797,798,indian institute of technology kanpur,india,12
798,799,quaid-i-azam university,pakistan,1
799,800,northeast normal university,china,77
800,801,ryerson university,canada,25
801,802,babeș-bolyai university,romania,1
802,803,ohio university,usa,186
803,804,wenzhou medical university,china,78
804,805,university of tours,france,45
805,806,"university of the andes, colombia",colombia,2
806,807,panjab university,india,13
807,808,university of alcalá,spain,28
808,809,university of hertfordshire,united kingdom,54
809,810,dankook university,south korea,27
810,811,chungbuk national university,south korea,28
811,812,university of sassari,italy,42
812,813,toho university,japan,34
813,814,federal university of ceará,brazil,13
814,815,portland state university,usa,187
815,816,gunma university,japan,35
816,817,polytechnic university of bucharest,romania,2
817,818,yokohama national university,japan,36
818,819,zhejiang university of technology,china,79
819,820,university of the balearic islands,spain,29
820,821,cranfield university,united kingdom,55
821,822,polytechnic university of bari,italy,43
822,823,budapest university of technology and economics,hungary,5
823,824,south china agricultural university,china,80
824,825,university of orléans,france,46
825,826,"national university of malaysia, ukm",malaysia,4
826,827,university of bucharest,romania,3
827,828,carlos iii university of madrid,spain,30
828,829,uniformed services university of the health sciences,usa,188
829,830,university of denver,usa,189
830,831,beijing university of technology,china,81
831,832,university of insubria,italy,44
832,833,sejong university,south korea,29
833,834,medical university of warsaw,poland,7
834,835,east carolina university,usa,190
835,836,beijing jiaotong university,china,82
836,837,china europe international business school,china,83
837,838,tokyo women's medical university,japan,37
838,839,university of wuppertal,germany,51
839,840,federal university of pernambuco,brazil,14
840,841,university of hyogo,japan,38
841,842,university of regina,canada,26
842,843,binghamton university,usa,191
843,844,wrocław university of science and technology,poland,8
844,845,university of toyama,japan,39
845,846,national taiwan normal university,taiwan,14
846,847,federal university of são carlos,brazil,15
847,848,metropolitan autonomous university,mexico,4
848,849,university of western brittany,france,47
849,850,tokai university,japan,40
850,851,harbin engineering university,china,84
851,852,gachon university,south korea,30
852,853,meijo university,japan,41
853,854,federico santa maría technical university,chile,4
854,855,michigan technological university,usa,192
855,856,école des hautes études en sciences sociales,france,48
856,857,shiraz university,iran,9
857,858,indian institute of technology roorkee,india,14
858,859,nara institute of science and technology,japan,42
859,860,new jersey institute of technology,usa,193
860,861,university of picardie jules verne,france,49
861,862,creighton university,usa,194
862,863,åbo akademi university,finland,9
863,864,miguel hernández university of elche,spain,31
864,865,jichi medical university,japan,43
865,866,university of siegen,germany,52
866,867,university of extremadura,spain,32
867,868,nagoya city university,japan,44
868,869,university of valladolid,spain,33
869,870,murdoch university,australia,25
870,871,wesleyan university,usa,195
871,872,ferdowsi university of mashhad,iran,10
872,873,north china electric power university,china,85
873,874,erciyes university,turkey,10
874,875,chung shan medical university,taiwan,15
875,876,hefei university of technology,china,86
876,877,china pharmaceutical university,china,87
877,878,dongguk university,south korea,31
878,879,"university of california, merced",usa,196
879,880,shanxi university,china,88
880,881,sofia university,bulgaria,1
881,882,kagoshima university,japan,45
882,883,jawaharlal nehru university,india,15
883,884,mansoura university,egypt,3
884,885,northern arizona university,usa,197
885,886,federal university of pelotas,brazil,16
886,887,shizuoka university,japan,46
887,888,inje university,south korea,32
888,889,fluminense federal university,brazil,17
889,890,chongqing medical university,china,89
890,891,"city, university of london",united kingdom,56
891,892,federal university of goiás,brazil,18
892,893,royal veterinary college,united kingdom,57
893,894,beijing university of posts and telecommunications,china,90
894,895,yangzhou university,china,91
895,896,gifu university,japan,47
896,897,university of veterinary medicine vienna,austria,10
897,898,yamagata university,japan,48
898,899,university of silesia in katowice,poland,9
899,900,university of jaén,spain,34
900,901,yamaguchi university,japan,49
901,902,shaanxi normal university,china,92
902,903,alexandria university,egypt,4
903,904,university of mons,belgium,8
904,905,university of cyprus,cyprus,1
905,906,gabriele d’annunzio university,italy,45
906,907,hitotsubashi university,japan,50
907,908,tunis el manar university,tunisia,1
908,909,southwest jiaotong university,china,93
909,910,ulster university,united kingdom,58
910,911,renmin university of china,china,94
911,912,florida institute of technology,usa,198
912,913,kyoto prefectural university of medicine,japan,51
913,914,anhui medical university,china,95
914,915,"university of technology, malaysia",malaysia,5
915,916,hallym university,south korea,33
916,917,comsats institute of information technology,pakistan,2
917,918,toulouse 1 capitole university,france,50
918,919,indian institute of management ahmedabad,india,16
919,920,aberystwyth university,united kingdom,59
920,921,university of jinan,china,96
921,922,north dakota state university,usa,199
922,923,university paris 1 panthéon-sorbonne,france,51
923,924,rouen normandy university,france,52
924,925,university of cádiz,spain,35
925,926,ritsumeikan university,japan,52
926,927,federal university of santa maria,brazil,19
927,928,university of new brunswick,canada,27
928,929,university of caen normandy,france,53
929,930,university of south bohemia in české budějovice,czech republic,5
930,931,osaka prefecture university,japan,53
931,932,çukurova university,turkey,11
932,933,paris nanterre university,france,54
933,934,university of alabama in huntsville,usa,200
934,935,rochester institute of technology,usa,201
935,936,dublin city university,ireland,5
936,937,university of hasselt,belgium,9
937,938,dokuz eylül university,turkey,12
938,939,university of massachusetts boston,usa,202
939,940,jaume i university,spain,36
940,941,nanjing university of information science and technology,china,97
941,942,télécom paristech,france,55
942,943,san francisco state university,usa,203
943,944,zhejiang normal university,china,98
944,945,guangxi university,china,99
945,946,jacobs university bremen,germany,53
946,947,howard university,usa,204
947,948,university of pécs,hungary,6
948,949,university of limerick,ireland,6
949,950,tottori university,japan,54
950,951,sciences po,france,56
951,952,university of windsor,canada,28
952,953,mie university,japan,55
953,954,nicolaus copernicus university in toruń,poland,10
954,955,hohai university,china,100
955,956,king juan carlos university,spain,37
956,957,royal college of surgeons in ireland,ireland,7
957,958,university of osnabrück,germany,54
958,959,university of perpignan via domita,france,57
959,960,qingdao university,china,101
960,961,sogang university,south korea,34
961,962,university of memphis,usa,205
962,963,hunter college,usa,206
963,964,north-west university,south africa,7
964,965,ningbo university,china,102
965,966,shahid beheshti university of medical sciences,iran,11
966,967,national taiwan ocean university,taiwan,16
967,968,insa toulouse,france,58
968,969,university of antioquia,colombia,3
969,970,shantou university,china,103
970,971,chung yuan christian university,taiwan,17
971,972,guangzhou medical university,china,104
972,973,amherst college,usa,207
973,974,yunnan university,china,105
974,975,johannes kepler university linz,austria,11
975,976,new york medical college,usa,208
976,977,missouri university of science and technology,usa,209
977,978,university of maribor,slovenia,2
978,979,atatürk university,turkey,13
979,980,eastern virginia medical school,usa,210
980,981,university of north carolina at greensboro,usa,211
981,982,beijing forestry university,china,106
982,983,liverpool school of tropical medicine,united kingdom,60
983,984,university of brighton,united kingdom,61
984,985,federal university of bahia,brazil,20
985,986,university of st. gallen,switzerland,9
986,987,xiangtan university,china,107
987,988,manchester metropolitan university,united kingdom,62
988,989,university of a coruña,spain,38
989,990,khon kaen university,thailand,4
990,991,university of ibadan,nigeria,1
991,992,shahid beheshti university,iran,12
992,993,university of massachusetts lowell,usa,212
993,994,loma linda university,usa,213
994,995,university of macau,macau,1
995,996,aga khan university,pakistan,3
996,997,university of calcutta,india,17
997,998,kōchi university,japan,56
998,999,soonchunhyang university,south korea,35
999,1000,capital normal university,china,108
